path,sha256,status,start_pc,stop_pc,instructions,cycles,fetch_penalty,branch_penalty,mispredictions,branches,branches_taken,branches_not_taken,loads,stores,coremark_per_mhz,modeled_coremark_per_mj,error
tests/coremark/build/coremark.elf,e14702933028b837a0121074843d4e6e7b7f0074fb1e65ed042ce8a44dbab9b1,OK,0x0000019c,0x000001a4,225414,256244,20341,10489,1334,51395,31830,19565,49249,10762,3.9025304007118216,177.387745486901,
tests/coremark/build_diag_generic2_20260811/coremark.elf,c662a680b0bebc66f47914e0b030012e9debe11562b47f6864b2ece4f74fbf23,ERROR,,,0,0,0,0,0,0,0,0,0,0,0.0,0.0,timed window was not reached within the 1000000-instruction cap
tests/coremark/build_diag_nomovers_20260811/coremark.elf,6bd2bea71413191bf7ad505661e0350a380c431084f7fde2cf4b2b8ec55f3c75,ERROR,,,0,0,0,0,0,0,0,0,0,0,0.0,0.0,timed window was not reached within the 1000000-instruction cap
tests/coremark/build_diag_nosink_20260811/coremark.elf,6bd2bea71413191bf7ad505661e0350a380c431084f7fde2cf4b2b8ec55f3c75,ERROR,,,0,0,0,0,0,0,0,0,0,0,0.0,0.0,timed window was not reached within the 1000000-instruction cap
tests/coremark/build_diag_nospill_20260811/coremark.elf,6bd2bea71413191bf7ad505661e0350a380c431084f7fde2cf4b2b8ec55f3c75,ERROR,,,0,0,0,0,0,0,0,0,0,0,0.0,0.0,timed window was not reached within the 1000000-instruction cap
tests/coremark/build_diag_nounroll2_20260811/coremark.elf,6bd2bea71413191bf7ad505661e0350a380c431084f7fde2cf4b2b8ec55f3c75,ERROR,,,0,0,0,0,0,0,0,0,0,0,0.0,0.0,timed window was not reached within the 1000000-instruction cap
tests/coremark/build_diag_size2000_20260811/coremark.elf,e14702933028b837a0121074843d4e6e7b7f0074fb1e65ed042ce8a44dbab9b1,OK,0x0000019c,0x000001a4,225414,256244,20341,10489,1334,51395,31830,19565,49249,10762,3.9025304007118216,177.387745486901,
tests/coremark/build_resume_final_20260826/coremark-relink.elf,7c3c0bd85e1b97687ba59795a2ee050c0a684190adf0f2f6ef3097aeee8d6ae7,OK,0x000001a6,0x000001f2,183205,195043,6456,5382,666,45795,18580,27215,43879,10645,5.127074542536774,233.04884284258065,
tests/coremark/build_resume_final_20260826/coremark-unpadded.elf,dbd2b7c3bfe908ea26cfc00ba6b83d836a817ac70612bd67295964ac953139e4,OK,0x000001a6,0x000001f2,183205,195302,6715,5382,666,45795,18580,27215,43879,10645,5.1202752659983,232.73978481810457,
tests/coremark/build_resume_final_20260826/coremark.elf,7c3c0bd85e1b97687ba59795a2ee050c0a684190adf0f2f6ef3097aeee8d6ae7,OK,0x000001a6,0x000001f2,183205,195043,6456,5382,666,45795,18580,27215,43879,10645,5.127074542536774,233.04884284258065,
tests/coremark/build_resume_final_lto_layout_20260826/coremark-relink.elf,11e9ac9629d47bae7ee27654901cbc7551f710641a7e77f5a892dd4ef7e86f48,OK,0x000001a6,0x000001f2,183205,194988,6401,5382,666,45795,18580,27215,43879,10645,5.128520729480789,233.11457861276313,
tests/coremark/build_resume_final_lto_layout_20260826/coremark-unpadded.elf,32e5301104b85dfcab4a723799c654ea6cfd375be66d013b031ceb620e386ef8,OK,0x000001a6,0x000001f2,183205,195267,6680,5382,666,45795,18580,27215,43879,10645,5.121193033128998,232.78150150586356,
tests/coremark/build_resume_final_lto_layout_20260826/coremark.elf,11e9ac9629d47bae7ee27654901cbc7551f710641a7e77f5a892dd4ef7e86f48,OK,0x000001a6,0x000001f2,183205,194988,6401,5382,666,45795,18580,27215,43879,10645,5.128520729480789,233.11457861276313,
tests/coremark/build_resume_function_sections_20260826/coremark.elf,335b282d616f171a985d813060dbc9a4d2c3a22c86f740bd8675899317d87f3d,OK,0x00000b84,0x00000bd0,183205,196030,7443,5382,666,45795,18580,27215,43879,10645,5.101260011222772,231.87545505558055,
tests/coremark/build_resume_function_sections_20260826/original-order-pad-16.elf,aa87ea9d224853e7ca7c930febb6b98e28ef44e8dd9686e33d7dfbc3b05d05d1,OK,0x000001a6,0x000001f2,183205,196847,8260,5382,666,45795,18580,27215,43879,10645,5.0800875807098915,230.91307185044963,
tests/coremark/build_resume_function_sections_20260826/original-order-pad-24.elf,cde0ff13112f3a27eebeb2ab4b973034ad7a1b0fda4792dd65715a268f259836,OK,0x000001a6,0x000001f2,183205,202775,14188,5382,666,45795,18580,27215,43879,10645,4.9315744051288375,224.16247296040171,
tests/coremark/build_resume_function_sections_20260826/original-order-pad-32.elf,22af6dc7b41dc7cbd77c7ccbfe135f03af8d6e4ba3de2aa0b266df0207d7486a,OK,0x000001a6,0x000001f2,183205,195694,7107,5382,666,45795,18580,27215,43879,10645,5.110018702668452,232.27357739402055,
tests/coremark/build_resume_function_sections_20260826/original-order-pad-8.elf,510da8c7bae2132223bbe0cb113d2a2a1189ad26a67c680f6a00d1852b14b895,OK,0x000001a6,0x000001f2,183205,195736,7149,5382,666,45795,18580,27215,43879,10645,5.108922221768096,232.2237373530953,
tests/coremark/build_resume_function_sections_20260826/original-order.elf,81117724401da012b3408068511a992701d2cb81a5c719159c1f28870a9b4fe4,OK,0x000001a6,0x000001f2,183205,195730,7143,5382,666,45795,18580,27215,43879,10645,5.109078833086395,232.2308560493816,
tests/coremark/build_resume_lto_order_search_20260826/crc_before_bench/coremark.elf,13a64e509cdb1b9a28f0326cad7a9a1094fbebb420e271a7e4594c9c997d51e5,OK,0x000001a6,0x000001f2,183205,195459,6872,5382,666,45795,18580,27215,43879,10645,5.116162468855361,232.5528394934255,
tests/coremark/build_resume_lto_order_search_20260826/crc_chain/coremark.elf,625b2bf6fb890b7faeab3cb416ce50de644d3ec8557f0691a2707ac62ee9278f,OK,0x000001a6,0x000001f2,183205,195953,7366,5382,666,45795,18580,27215,43879,10645,5.103264558337969,231.96657083354407,
tests/coremark/build_resume_lto_order_search_20260826/init_last/coremark.elf,06f0d23eac2ed0052f1d601ffdfa67edcddb2c89b0b6c3b6419ebca066727fd5,OK,0x000001a6,0x000001f2,183205,195339,6752,5382,666,45795,18580,27215,43879,10645,5.119305412641613,232.6957005746188,
tests/coremark/build_resume_lto_order_search_20260826/lto_swap23_swap_0_1/coremark.elf,72a050a38b520c31fcb9be5b2c5690082e0b52f87da3e8d8862d5826a54e78d6,OK,0x000001aa,0x000001fa,183205,195576,6989,5382,666,45795,18580,27215,43879,10645,5.113101812083282,232.41371873105828,
tests/coremark/build_resume_lto_order_search_20260826/lto_swap23_swap_1_2/coremark.elf,7077ee699faf6066721bcaf697fa7b9ec0fc888811cf1ff6e3829de925b8617d,OK,0x000001a6,0x000001f2,183205,194990,6403,5382,666,45795,18580,27215,43879,10645,5.128468126570593,233.1121875713906,
tests/coremark/build_resume_lto_order_search_20260826/lto_swap23_swap_2_3/coremark.elf,a85b83f8d8b51c46e501bb75e63d5109d6322b8dcbfc0d2d911cafcd90a2d5f1,OK,0x000001a6,0x000001f2,183205,195043,6456,5382,666,45795,18580,27215,43879,10645,5.127074542536774,233.04884284258065,
tests/coremark/build_resume_lto_order_search_20260826/lto_swap23_swap_3_4/coremark.elf,b6ff0fb3d266c0bb752ccba4f15bf6128ff3a21ed69c095c29fbdf7252d5d6a9,OK,0x000001a6,0x000001f2,183205,195034,6447,5382,666,45795,18580,27215,43879,10645,5.127311135494324,233.05959706792382,
tests/coremark/build_resume_lto_order_search_20260826/lto_swap23_swap_4_5/coremark.elf,b60e286742b13200aa64152fe1a3a9d45817aedc63c45a15d826e35fcc77c90b,OK,0x000001a6,0x000001f2,183205,195029,6442,5382,666,45795,18580,27215,43879,10645,5.127442585461649,233.06557206643862,
tests/coremark/build_resume_lto_order_search_20260826/lto_swap23_swap_5_6/coremark.elf,4ef55e2b1386482093b44006181a693994ef30f897c3b9398be10d163809cc79,OK,0x000001a6,0x000001f2,183205,195028,6441,5382,666,45795,18580,27215,43879,10645,5.127468876263921,233.06676710290552,
tests/coremark/build_resume_lto_order_search_20260826/original/coremark.elf,a85b83f8d8b51c46e501bb75e63d5109d6322b8dcbfc0d2d911cafcd90a2d5f1,OK,0x000001a6,0x000001f2,183205,195043,6456,5382,666,45795,18580,27215,43879,10645,5.127074542536774,233.04884284258065,
tests/coremark/build_resume_lto_order_search_20260826/original_swap_0_1/coremark.elf,f97954874e339eaccd3ce05463500b14da53635105306557482c8595daa250a5,OK,0x000001aa,0x000001fa,183205,195582,6995,5382,666,45795,18580,27215,43879,10645,5.112944954034625,232.4065888197557,
tests/coremark/build_resume_lto_order_search_20260826/original_swap_1_2/coremark.elf,82666ab431b600863c652ec892122e77a7b7f4d946ae7da7a53075fdf78ed805,OK,0x000001a6,0x000001f2,183205,195052,6465,5382,666,45795,18580,27215,43879,10645,5.126837971412751,233.03808960967052,
tests/coremark/build_resume_lto_order_search_20260826/original_swap_2_3/coremark.elf,11e9ac9629d47bae7ee27654901cbc7551f710641a7e77f5a892dd4ef7e86f48,OK,0x000001a6,0x000001f2,183205,194988,6401,5382,666,45795,18580,27215,43879,10645,5.128520729480789,233.11457861276313,
tests/coremark/build_resume_lto_order_search_20260826/original_swap_3_4/coremark.elf,819ef15d5845838a99b23360d331993fb4c5551cf08cccdb0a5f4e6186bfa024,OK,0x000001a6,0x000001f2,183205,195037,6450,5382,666,45795,18580,27215,43879,10645,5.127232268749006,233.05601221586394,
tests/coremark/build_resume_lto_order_search_20260826/original_swap_4_5/coremark.elf,63507327ee831a2786741dea692d43fd1b7df9e11d5b4e7b30a2f0621e5d22ee,OK,0x000001a6,0x000001f2,183205,195120,6533,5382,666,45795,18580,27215,43879,10645,5.125051250512505,232.9568750232957,
tests/coremark/build_resume_lto_order_search_20260826/original_swap_5_6/coremark.elf,a92bbf54c76ebcad93e043861da95efac0f75efcb33c8091d1854d9805049e57,OK,0x000001a6,0x000001f2,183205,195083,6496,5382,666,45795,18580,27215,43879,10645,5.126023282397749,233.00105829080678,
tests/coremark/build_resume_lto_order_search_20260826/reverse_helpers/coremark.elf,21aec595661eea70899f5ceee4a943c7f14658a4ffe2e423a44bf885dee18cc4,OK,0x000001a6,0x000001f2,183205,195539,6952,5382,666,45795,18580,27215,43879,10645,5.11406931609551,232.45769618615958,
tests/coremark/build_resume_lto_order_search_20260826/small_after_bench/coremark.elf,eb393051880083178b56aeadc031b91d807df2eaf0ee5fdaa12d703022d5454a,OK,0x000001a6,0x000001f2,183205,195899,7312,5382,666,45795,18580,27215,43879,10645,5.104671284692622,232.03051294057374,
tests/coremark/build_resume_lto_order_search_20260826/timed_call_order/coremark.elf,712e2adab259d2180c8a587cdaab67a716fe358942646b4a4a41288bed93f04e,OK,0x000001a6,0x000001f2,183205,195536,6949,5382,666,45795,18580,27215,43879,10645,5.114147778414205,232.46126265519115,
tests/coremark/build_resume_lto_order_search_20260826/timed_first/coremark.elf,defa168b7b1dfd3446d6e727ead8fcb369fc18cc403fffd00e14d005087485ed,OK,0x000001a6,0x000001f2,183205,195573,6986,5382,666,45795,18580,27215,43879,10645,5.113180244716807,232.41728385076397,
tests/coremark/build_resume_lto_phase_search_20260826/lto_swap23_pad_0014/coremark.elf,9993a4a5cb3773d93bd7a4c4403e3b97a22780a387f2851d9954a5a9885b2e8d,OK,0x000001a6,0x000001f2,183205,195079,6492,5382,666,45795,18580,27215,43879,10645,5.126128389011631,233.00583586416508,
tests/coremark/build_resume_lto_phase_search_20260826/lto_swap23_pad_0016/coremark.elf,d4acb8b8d9a3a19d414e0ad85cb56ed42fd6bffd36bb165cefac33fe27865875,OK,0x000001a6,0x000001f2,183205,194988,6401,5382,666,45795,18580,27215,43879,10645,5.128520729480789,233.11457861276313,
tests/coremark/build_resume_lto_phase_search_20260826/lto_swap23_pad_0018/coremark.elf,06a27c5e50ae4ac682d937f524dd53686a664f8aea5361056a76618ae8c926a7,OK,0x000001a6,0x000001f2,183205,195108,6521,5382,666,45795,18580,27215,43879,10645,5.1253664637021545,232.9712028955525,
tests/coremark/build_resume_lto_phase_search_20260826/lto_swap23_pad_0048/coremark.elf,fc91a356407d211033d735fbfaba3e70de5cd2ce9e26de3efd1bab6b9fa8cf54,OK,0x000001a8,0x000001f4,183205,195072,6485,5382,666,45795,18580,27215,43879,10645,5.126312335958005,233.01419708900025,
tests/coremark/build_resume_lto_phase_search_20260826/lto_swap23_pad_0080/coremark.elf,02c069c6375645ad8ff46c1b43054f14190b3a8f5858a646533140faa2a8c3f4,OK,0x000001aa,0x000001f6,183205,195285,6698,5382,666,45795,18580,27215,43879,10645,5.12072099751645,232.76004534165685,
tests/coremark/build_resume_lto_phase_search_20260826/lto_swap23_pad_0112/coremark.elf,0fe1a0cc17d9bad1c679bcd1577def3f49a4586806ff82330fb9d77d66858a2c,OK,0x000001aa,0x000001f6,183205,195257,6670,5382,666,45795,18580,27215,43879,10645,5.121455312741669,232.7934233064395,
tests/coremark/build_resume_lto_phase_search_20260826/lto_swap23_pad_0144/coremark.elf,a445e8756bd4cfe200991d222b297f4fa309e1954d6861e1d0e7e1c5fd85b5eb,OK,0x000001aa,0x000001f6,183205,195293,6706,5382,666,45795,18580,27215,43879,10645,5.1205112318413875,232.7505105382449,
tests/coremark/build_resume_lto_phase_search_20260826/lto_swap23_pad_0176/coremark.elf,b22f30586c16b0533e8792cd40b264abd3dba3db52b9d912d4ed47657c8c180d,OK,0x000001aa,0x000001f6,183205,195293,6706,5382,666,45795,18580,27215,43879,10645,5.1205112318413875,232.7505105382449,
tests/coremark/build_resume_lto_phase_search_20260826/lto_swap23_pad_0208/coremark.elf,f8ae9f549cd477e3a4a1573cedd455b2042a3d55f8a03903f240966e8966c86e,OK,0x000001aa,0x000001f8,183205,195280,6693,5382,666,45795,18580,27215,43879,10645,5.120852109791069,232.76600499050315,
tests/coremark/build_resume_lto_phase_search_20260826/lto_swap23_pad_0240/coremark.elf,2b3ff6e1bb01266cc7994d1953485e1879445ee455d672cb24f4339e482944d3,OK,0x000001aa,0x000001fa,183205,195325,6738,5382,666,45795,18580,27215,43879,10645,5.119672340970178,232.7123791350081,
tests/coremark/build_resume_lto_phase_search_20260826/lto_swap23_pad_0272/coremark.elf,1fc3658daa5dc246b00a4e2e5cd64c9867823c0db7425f51c403a08649840411,OK,0x000001aa,0x000001fa,183205,195290,6703,5382,666,45795,18580,27215,43879,10645,5.120589891955554,232.75408599797973,
tests/coremark/build_resume_lto_phase_search_20260826/lto_swap23_pad_0304/coremark.elf,4e9dd12257e0400971e0efbdc2b7a4f02e378753332b4eaa7a45c4748bc7ceb3,OK,0x000001aa,0x000001fa,183205,195264,6677,5382,666,45795,18580,27215,43879,10645,5.121271714192068,232.7850779178213,
tests/coremark/build_resume_lto_phase_search_20260826/lto_swap23_pad_0336/coremark.elf,148d5e3450004534527df21eb1860b1dc5e418b12e4fc126bf3c756701d871d0,OK,0x000001aa,0x000001fa,183205,195255,6668,5382,666,45795,18580,27215,43879,10645,5.1215077718880435,232.7958078130929,
tests/coremark/build_resume_lto_phase_search_20260826/lto_swap23_pad_0368/coremark.elf,b10771ce7501775bb31eac7d741aa387bf8b9e4b9b719e78b80d4ef0708ba1ce,OK,0x000001aa,0x000001fa,183205,195299,6712,5382,666,45795,18580,27215,43879,10645,5.120353918862872,232.74335994831236,
tests/coremark/build_resume_lto_phase_search_20260826/lto_swap23_pad_0400/coremark.elf,3111ba2820d6191e8600bf1963d63a77e8a0aaa26fc1a334b66f217c11f6240b,OK,0x000001aa,0x000001fa,183205,195289,6702,5382,666,45795,18580,27215,43879,10645,5.1206161125306595,232.75527784230272,
tests/coremark/build_resume_lto_phase_search_20260826/lto_swap23_pad_0432/coremark.elf,a7f4ce8059fb6e507f3b381996a380488dfd9941b9c0084539b514a65f5e53f1,OK,0x000001aa,0x000001fa,183205,195244,6657,5382,666,45795,18580,27215,43879,10645,5.121796316404089,232.80892347291316,
tests/coremark/build_resume_lto_phase_search_20260826/lto_swap23_pad_0464/coremark.elf,3dc9908179e01033a9dbce028529987fb02017843855a1c3bfea90988d723cce,OK,0x000001aa,0x000001fa,183205,195235,6648,5382,666,45795,18580,27215,43879,10645,5.122032422465234,232.81965556660157,
tests/coremark/build_resume_lto_phase_search_20260826/lto_swap23_pad_0496/coremark.elf,3cdcb86336995658ad155b8e8fe5062c7202420b5cb0dd3e090dc92cc9426cd7,OK,0x000001aa,0x000001fa,183205,195280,6693,5382,666,45795,18580,27215,43879,10645,5.120852109791069,232.76600499050315,
tests/coremark/build_resume_lto_phase_search_20260826/lto_swap23_pad_0528/coremark.elf,eeb05225e0d23c359ba9a52fea4060aec92ff5f48c743bb65870742127624547,OK,0x000001aa,0x000001fa,183205,195343,6756,5382,666,45795,18580,27215,43879,10645,5.119200585636547,232.69093571075214,
tests/coremark/build_resume_lto_phase_search_20260826/lto_swap23_pad_0560/coremark.elf,40dc76beac5b150fc8f2b41d0f291a84b877a7990189575e1af4a02a6e8a4903,OK,0x000001aa,0x000001fa,183205,195361,6774,5382,666,45795,18580,27215,43879,10645,5.118728917235273,232.66949623796694,
tests/coremark/build_resume_lto_phase_search_20260826/lto_swap23_pad_0592/coremark.elf,ec39173c6cac7c4d6f49c0e2f88c6a0d50227065c19216043fb5201053ca0520,OK,0x000001aa,0x000001fa,183205,195381,6794,5382,666,45795,18580,27215,43879,10645,5.118204943162334,232.64567923465157,
tests/coremark/build_resume_lto_phase_search_20260826/lto_swap23_pad_0624/coremark.elf,4d7cc74fb9355819b33cb79faf77ace90020550145d73ccc1126bcc1990c4700,OK,0x000001aa,0x000001fa,183205,195390,6803,5382,666,45795,18580,27215,43879,10645,5.1179691898254775,232.63496317388535,
tests/coremark/build_resume_lto_phase_search_20260826/lto_swap23_pad_0656/coremark.elf,fd1b95e305e25e3790e75ef9a786160208c215443323d1a0dc52a636ff3456b2,OK,0x000001aa,0x000001fa,183205,195426,6839,5382,666,45795,18580,27215,43879,10645,5.1170263936221385,232.5921088010063,
tests/coremark/build_resume_lto_phase_search_20260826/lto_swap23_pad_0688/coremark.elf,f1c71854b9db40d68c9d2dd8a8931934e0071db65657cceb048d5c6f6987e6be,OK,0x000001aa,0x000001fa,183205,195435,6848,5382,666,45795,18580,27215,43879,10645,5.116790748842326,232.58139767465119,
tests/coremark/build_resume_lto_phase_search_20260826/lto_swap23_pad_0720/coremark.elf,5efa17310be84480237730207e1ca2777a8a49c0fe68ec7358020e86ea599e68,OK,0x000001aa,0x000001fa,183205,195480,6893,5382,666,45795,18580,27215,43879,10645,5.11561285041948,232.52785683724912,
tests/coremark/build_resume_lto_phase_search_20260826/lto_swap23_pad_0752/coremark.elf,83b140073e05b825a02cce38bbc5f8b611b5e7c4a420c264613995994e9ed0f8,OK,0x000001aa,0x000001fa,183205,195489,6902,5382,666,45795,18580,27215,43879,10645,5.115377335809176,232.51715162768983,
tests/coremark/build_resume_lto_phase_search_20260826/lto_swap23_pad_0784/coremark.elf,4c7853656b6e8c6a2185e444471a34a54738cd91e5eb8f538b39202c7b5009c8,OK,0x000001aa,0x000001fa,183205,195489,6902,5382,666,45795,18580,27215,43879,10645,5.115377335809176,232.51715162768983,
tests/coremark/build_resume_lto_phase_search_20260826/lto_swap23_pad_0816/coremark.elf,14cb4ead24a03954bc84c491b180634e17b65bf3f42b0acbd374b45f1762eaf1,OK,0x000001aa,0x000001fa,183205,195498,6911,5382,666,45795,18580,27215,43879,10645,5.115141842883303,232.50644740378652,
tests/coremark/build_resume_lto_phase_search_20260826/lto_swap23_pad_0848/coremark.elf,5b514f020778a015ec362f0b0d9b776e5bdb999f4b36eaf9733971baada29b36,OK,0x000001aa,0x000001fa,183205,195498,6911,5382,666,45795,18580,27215,43879,10645,5.115141842883303,232.50644740378652,
tests/coremark/build_resume_lto_phase_search_20260826/lto_swap23_pad_0880/coremark.elf,56f39ce47b54f80997ac78407fbe14e748564522403c47d70894730ffa6d1914,OK,0x000001aa,0x000001fa,183205,195453,6866,5382,666,45795,18580,27215,43879,10645,5.116319524386937,232.55997838122443,
tests/coremark/build_resume_lto_phase_search_20260826/lto_swap23_pad_0912/coremark.elf,776c430548c64f846da0c842010e11cdb01973a3b772cb481d0c052fd94df892,OK,0x000001aa,0x000001fa,183205,195335,6748,5382,666,45795,18580,27215,43879,10645,5.119410243939898,232.70046563363172,
tests/coremark/build_resume_lto_phase_search_20260826/lto_swap23_pad_0944/coremark.elf,4fbcc38273cfcc3bd88146d5025e1eaa4cc0012dbce6320904090f1dc816b419,OK,0x000001aa,0x000001fa,183205,195307,6720,5382,666,45795,18580,27215,43879,10645,5.120144183260201,232.73382651182732,
tests/coremark/build_resume_lto_phase_search_20260826/lto_swap23_pad_0976/coremark.elf,32b93dcacbff009450291fb868ac605d643c2fb00a2027dbf15e7dc1159d52cf,OK,0x000001aa,0x000001fa,183205,195308,6721,5382,666,45795,18580,27215,43879,10645,5.120117967517972,232.73263488718055,
tests/coremark/build_resume_lto_phase_search_20260826/lto_swap23_pad_1008/coremark.elf,3a82221b203c2cd9c2d9761aee1fb243b88a7b9581b77183f41ba9ec6fe0e6f3,OK,0x000001aa,0x000001fa,183205,195354,6767,5382,666,45795,18580,27215,43879,10645,5.118912333507376,232.6778333412444,
tests/coremark/build_resume_matrix_layout_20260826/coremark-pad-16.elf,22da51b22f5719a9e125c5d79cf56f68eb75c1496e9cf0aa90f6d2fe6e46126e,OK,0x000001a6,0x000001f2,183205,196847,8260,5382,666,45795,18580,27215,43879,10645,5.0800875807098915,230.91307185044963,
tests/coremark/build_resume_matrix_layout_20260826/coremark.elf,3fc7195c1013fed1ae6f481fecce36689a2743cd708bcc48e082c5aad444d69f,OK,0x000001a6,0x000001f2,183205,195730,7143,5382,666,45795,18580,27215,43879,10645,5.109078833086395,232.2308560493816,
tests/coremark/build_resume_matrix_phase_search_20260826/caller_first_pad_000/coremark.elf,f72c374d8db4bbb92243be26b0cfb0247083f9ccbdc433f7571aa9cef2d6e5f8,OK,0x000001a6,0x000001f2,183205,195452,6865,5382,666,45795,18580,27215,43879,10645,5.116345701246342,232.5611682384701,
tests/coremark/build_resume_matrix_phase_search_20260826/caller_first_pad_004/coremark.elf,7eb178750694e2a825b4890cabcf902377ec7f43768daa3967dac02d9724a973,OK,0x000001a6,0x000001f2,183205,196642,8055,5382,666,45795,18580,27215,43879,10645,5.085383590484231,231.15379956746503,
tests/coremark/build_resume_matrix_phase_search_20260826/caller_first_pad_008/coremark.elf,8bcfa33fac529c0f4ea9b9e53b09c5bcdd0770c92ee784d93f2aeb98cb07f6c3,OK,0x000001a6,0x000001f2,183205,196666,8079,5382,666,45795,18580,27215,43879,10645,5.084762999196608,231.1255908725731,
tests/coremark/build_resume_matrix_phase_search_20260826/caller_first_pad_012/coremark.elf,83e150cb9798ed880dd0db18fe740a2658934e6692fe0dbeadba3b6b277bf98f,OK,0x000001a6,0x000001f2,183205,202366,13779,5382,666,45795,18580,27215,43879,10645,4.941541563306089,224.61552560482224,
tests/coremark/build_resume_matrix_phase_search_20260826/caller_first_pad_014/coremark.elf,2bba49e65eee250a543ab27ff03bce4760ef9057681a314627981dc3730bee23,OK,0x000001a6,0x000001f2,183205,195306,6719,5382,666,45795,18580,27215,43879,10645,5.120170399270887,232.73501814867672,
tests/coremark/build_resume_matrix_phase_search_20260826/caller_first_pad_016/coremark.elf,114625796516ef210215c6b2dfb264c8f9db5bef1b7bd447aecfd449a8fcf202,OK,0x000001a6,0x000001f2,183205,195215,6628,5382,666,45795,18580,27215,43879,10645,5.122557180544528,232.84350820656948,
tests/coremark/build_resume_matrix_phase_search_20260826/caller_first_pad_018/coremark.elf,073539c77744e23cc1fad558e3141fb0288e68f8a6ff87147b4e8cf44ff398d7,OK,0x000001a6,0x000001f2,183205,195334,6747,5382,666,45795,18580,27215,43879,10645,5.119436452435316,232.701656928878,
tests/coremark/build_resume_matrix_phase_search_20260826/caller_first_pad_020/coremark.elf,be5084be2c7f375ba52ec66a092c561faf27ae4137df0988ee54f8b082b479c2,OK,0x000001a6,0x000001f2,183205,195485,6898,5382,666,45795,18580,27215,43879,10645,5.1154820062920425,232.52190937691103,
tests/coremark/build_resume_matrix_phase_search_20260826/caller_first_pad_024/coremark.elf,bad45872bab410e29da557109024a3621765cb547432c4a6faea07350a688bd3,OK,0x000001a6,0x000001f2,183205,195470,6883,5382,666,45795,18580,27215,43879,10645,5.115874558755819,232.53975267071908,
tests/coremark/build_resume_matrix_phase_search_20260826/caller_first_pad_028/coremark.elf,e607a6516f46ebf1bf57245890991bf6c267639065dde675a0ca931b1c1f209e,OK,0x000001a6,0x000001f2,183205,195619,7032,5382,666,45795,18580,27215,43879,10645,5.111977875359756,232.36263069817073,
tests/coremark/build_resume_matrix_phase_search_20260826/caller_first_pad_032/coremark.elf,9acaec4e4c636c79df33843f8246b05f82dd7384592c95e13c9e32601ba6dfdd,OK,0x000001a6,0x000001f2,183205,195443,6856,5382,666,45795,18580,27215,43879,10645,5.116581305035227,232.57187750160125,
tests/coremark/build_resume_matrix_phase_search_20260826/caller_first_swap_0_1_pad_016/coremark.elf,a23110239d69ed056c7a6c7e7333abbec5712eb8b160c81179dbba213f6f6d84,OK,0x000001a6,0x000001f2,183205,195255,6668,5382,666,45795,18580,27215,43879,10645,5.1215077718880435,232.7958078130929,
tests/coremark/build_resume_matrix_phase_search_20260826/caller_first_swap_1_2_pad_016/coremark.elf,2942b72534329923bab16a7bd7cae33aca4983e4d56a095bb72844fd529e8d51,OK,0x000001a6,0x000001f2,183205,196535,7948,5382,666,45795,18580,27215,43879,10645,5.088152237514946,231.2796471597703,
tests/coremark/build_resume_matrix_phase_search_20260826/caller_first_swap_2_3_pad_016/coremark.elf,8721149589bd290890756b000040d2936ad76939c97e5304c915b25f010b2910,OK,0x000001a6,0x000001f2,183205,195335,6748,5382,666,45795,18580,27215,43879,10645,5.119410243939898,232.70046563363172,
tests/coremark/build_resume_matrix_phase_search_20260826/caller_first_swap_3_4_pad_016/coremark.elf,9a76498badd86925e7747eb9d5026313f61087c9511927a544bb6a960896ebe0,OK,0x000001a6,0x000001f2,183205,195043,6456,5382,666,45795,18580,27215,43879,10645,5.127074542536774,233.04884284258065,
tests/coremark/build_resume_matrix_phase_search_20260826/caller_first_swap_4_5_pad_016/coremark.elf,482b5f317c7c594932264eeac418cebbf74ca5c96e91ec955032788589b3e9ed,OK,0x000001a6,0x000001f2,183205,195215,6628,5382,666,45795,18580,27215,43879,10645,5.122557180544528,232.84350820656948,
tests/coremark/build_resume_matrix_phase_search_20260826/caller_first_swap_5_6_pad_016/coremark.elf,b9c0319cb24ef7cd07fda0e0fbd536c26154c0f30410097acee7e2357be050d2,OK,0x000001a6,0x000001f2,183205,195255,6668,5382,666,45795,18580,27215,43879,10645,5.1215077718880435,232.7958078130929,
tests/coremark/build_resume_matrix_phase_search_20260826/caller_first_swap_6_7_pad_016/coremark.elf,3bfcd6d3d6de6d9177d9f67d26bd6d2eb7e957a1199473b8e9d87f70ffdf4554,OK,0x000001a6,0x000001f2,183205,196465,7878,5382,666,45795,18580,27215,43879,10645,5.089965133738834,231.36205153358335,
tests/coremark/build_resume_matrix_phase_search_20260826/caller_first_swap_7_8_pad_016/coremark.elf,7ca67cf012c283fcd28bf3ddf4c83e15685391fafa5033f77da26ab6bf834a89,OK,0x000001a6,0x000001f2,183205,195285,6698,5382,666,45795,18580,27215,43879,10645,5.12072099751645,232.76004534165685,
tests/coremark/build_resume_matrix_phase_search_20260826/caller_swap34_pad_014/coremark.elf,ff5ca782f995cef6e8d4030c1b68873211aaac03e90ada7176f805985b9ad0a7,OK,0x000001a6,0x000001f2,183205,195134,6547,5382,666,45795,18580,27215,43879,10645,5.1246835507907385,232.94016139957904,
tests/coremark/build_resume_matrix_phase_search_20260826/caller_swap34_pad_016/coremark.elf,9a76498badd86925e7747eb9d5026313f61087c9511927a544bb6a960896ebe0,OK,0x000001a6,0x000001f2,183205,195043,6456,5382,666,45795,18580,27215,43879,10645,5.127074542536774,233.04884284258065,
tests/coremark/build_resume_matrix_phase_search_20260826/caller_swap34_pad_018/coremark.elf,c4643b286f1435dada5eead3879926b11880732dcb29d4e31b704b50140600a0,OK,0x000001a6,0x000001f2,183205,195162,6575,5382,666,45795,18580,27215,43879,10645,5.123948309609452,232.9067413458842,
tests/coremark/build_resume_matrix_phase_search_20260826/caller_swap34_pad_048/coremark.elf,f1b0ed8034d7d3133676b9c4f3cabe4f4e10afc986ca29c2ae1d6086faf49c5a,OK,0x000001a8,0x000001f4,183205,195126,6539,5382,666,45795,18580,27215,43879,10645,5.124893658456587,232.94971174802671,
tests/coremark/build_resume_matrix_phase_search_20260826/caller_swap34_pad_080/coremark.elf,4f0eb5cdcc725701ec58d26178d204a4f846bba56a281eb2cc6a8bfa4a3c8134,OK,0x000001aa,0x000001f6,183205,195312,6725,5382,666,45795,18580,27215,43879,10645,5.120013107233555,232.72786851061613,
tests/coremark/build_resume_matrix_phase_search_20260826/caller_swap34_pad_1008/coremark.elf,20345bd6dc119be4c383d2a4b5bbdedb7dd0b54d45037eb08ae76d59cc4ad781,OK,0x000001aa,0x000001fa,183205,195379,6792,5382,666,45795,18580,27215,43879,10645,5.118257335742326,232.6480607155603,
tests/coremark/build_resume_matrix_phase_search_20260826/caller_swap34_pad_112/coremark.elf,6c58b1f55804ae09308e4f0a208ed7441633444fe8041c4bf0f852d54665d0f8,OK,0x000001aa,0x000001f6,183205,195284,6697,5382,666,45795,18580,27215,43879,10645,5.12074721943426,232.76123724701182,
tests/coremark/build_resume_matrix_phase_search_20260826/caller_swap34_pad_144/coremark.elf,c340eb2d1e1dc06e359769e7b9c38c9deb268b6c3698dfab497553e1c60efa76,OK,0x000001aa,0x000001f6,183205,195320,6733,5382,666,45795,18580,27215,43879,10645,5.119803399549458,232.71833634315718,
tests/coremark/build_resume_matrix_phase_search_20260826/caller_swap34_pad_176/coremark.elf,2547b7f3cbc3b44e298746c088b08f186370da568455766faec30d25fb35e5f6,OK,0x000001aa,0x000001f6,183205,195320,6733,5382,666,45795,18580,27215,43879,10645,5.119803399549458,232.71833634315718,
tests/coremark/build_resume_matrix_phase_search_20260826/caller_swap34_pad_208/coremark.elf,a262912ecee89a8e8d6219166c6ac190b29b1f031bd32dee2b9ddfe1eaecf3c4,OK,0x000001aa,0x000001f8,183205,195334,6747,5382,666,45795,18580,27215,43879,10645,5.119436452435316,232.701656928878,
tests/coremark/build_resume_matrix_phase_search_20260826/caller_swap34_pad_240/coremark.elf,17a868bacac97218cd4aabe4fb2917a30f01237a83f5f46f83562ed3d82f111e,OK,0x000001aa,0x000001fa,183205,195360,6773,5382,666,45795,18580,27215,43879,10645,5.118755118755119,232.67068721614177,
tests/coremark/build_resume_matrix_phase_search_20260826/caller_swap34_pad_272/coremark.elf,b9597856247de4bd77d177e67c9280829eb98495e4878878880ad195a51ca8cb,OK,0x000001aa,0x000001fa,183205,195316,6729,5382,666,45795,18580,27215,43879,10645,5.119908251244138,232.72310232927902,
tests/coremark/build_resume_matrix_phase_search_20260826/caller_swap34_pad_304/coremark.elf,c282dd4e972ae92d5a241021fd2859ed1b064c550ac2ae51f64bb33832fbd836,OK,0x000001aa,0x000001fa,183205,195270,6683,5382,666,45795,18580,27215,43879,10645,5.121114354483535,232.77792520379708,
tests/coremark/build_resume_matrix_phase_search_20260826/caller_swap34_pad_336/coremark.elf,198d18ae29da9b3dd4ae935f30edba4ff45b8343b3ddc8fd24e72018a0f7a84c,OK,0x000001aa,0x000001fa,183205,195269,6682,5382,666,45795,18580,27215,43879,10645,5.121140580430073,232.77911729227608,
tests/coremark/build_resume_matrix_phase_search_20260826/caller_swap34_pad_368/coremark.elf,9adb72ab32e0cdf535639fa58d63f4889e804bc57456b9de0257d7e0c055940f,OK,0x000001aa,0x000001fa,183205,195305,6718,5382,666,45795,18580,27215,43879,10645,5.120196615550037,232.73620979772895,
tests/coremark/build_resume_matrix_phase_search_20260826/caller_swap34_pad_400/coremark.elf,5a0e79a12981400bc4c168fb703196cd8e2c7b80d85314bba81676f6a6730c7e,OK,0x000001aa,0x000001fa,183205,195305,6718,5382,666,45795,18580,27215,43879,10645,5.120196615550037,232.73620979772895,
tests/coremark/build_resume_matrix_phase_search_20260826/caller_swap34_pad_432/coremark.elf,15b1f4b17e3e11efd94c537087380a2c7e2ff73234b29e2cd3a5240d10e3acd2,OK,0x000001aa,0x000001fa,183205,195278,6691,5382,666,45795,18580,27215,43879,10645,5.120904556580874,232.7683889354943,
tests/coremark/build_resume_matrix_phase_search_20260826/caller_swap34_pad_464/coremark.elf,a486653d65a737b69beff8698dd4f9b119df6023e59964f45277514aa54e8172,OK,0x000001aa,0x000001fa,183205,195269,6682,5382,666,45795,18580,27215,43879,10645,5.121140580430073,232.77911729227608,
tests/coremark/build_resume_matrix_phase_search_20260826/caller_swap34_pad_496/coremark.elf,2e936d9fdc19a472256e79a03d7d4f6dd936133942518afae484120b4a329714,OK,0x000001aa,0x000001fa,183205,195296,6709,5382,666,45795,18580,27215,43879,10645,5.120432574143864,232.74693518835747,
tests/coremark/build_resume_matrix_phase_search_20260826/caller_swap34_pad_528/coremark.elf,e4db2e838ebca76b549912685d76105f25508c948abf1f2c585e38dbfa4623a0,OK,0x000001aa,0x000001fa,183205,195359,6772,5382,666,45795,18580,27215,43879,10645,5.118781320543205,232.67187820650932,
tests/coremark/build_resume_matrix_phase_search_20260826/caller_swap34_pad_560/coremark.elf,a40e93ec31e4732553291a80ed09bcd888b94edabb95b758562bdcc7d3da564b,OK,0x000001aa,0x000001fa,183205,195368,6781,5382,666,45795,18580,27215,43879,10645,5.118545514106711,232.66115973212325,
tests/coremark/build_resume_matrix_phase_search_20260826/caller_swap34_pad_592/coremark.elf,47ff0d6fb033802c4e923abd682e3547eae54ed47bab11cfdb0563d703fc86bf,OK,0x000001aa,0x000001fa,183205,195397,6810,5382,666,45795,18580,27215,43879,10645,5.117785841133692,232.62662914244055,
tests/coremark/build_resume_matrix_phase_search_20260826/caller_swap34_pad_624/coremark.elf,4c962dfc49230ac7f1b1b5a994a43056e4b194d566b0e12408e06b355a865cc7,OK,0x000001aa,0x000001fa,183205,195406,6819,5382,666,45795,18580,27215,43879,10645,5.117550126403488,232.6159148365222,
tests/coremark/build_resume_matrix_phase_search_20260826/caller_swap34_pad_656/coremark.elf,0df702c8d4b0d7586143688298ad141d280b6b94797fdae8fb5b53ed3f3aff43,OK,0x000001aa,0x000001fa,183205,195442,6855,5382,666,45795,18580,27215,43879,10645,5.116607484573429,232.5730674806104,
tests/coremark/build_resume_matrix_phase_search_20260826/caller_swap34_pad_688/coremark.elf,81593a053e55ba4769a27f587f3dbde13b0c2f600f230d6cbca1246af8f98dca,OK,0x000001aa,0x000001fa,183205,195451,6864,5382,666,45795,18580,27215,43879,10645,5.116371878373608,232.56235810789127,
tests/coremark/build_resume_matrix_phase_search_20260826/caller_swap34_pad_720/coremark.elf,bc99b355ae99a29b15380e79b7dcf1b5b8526bbbb8c22ebd57bcd4f71649804f,OK,0x000001aa,0x000001fa,183205,195469,6882,5382,666,45795,18580,27215,43879,10645,5.115900731062214,232.54094232100974,
tests/coremark/build_resume_matrix_phase_search_20260826/caller_swap34_pad_752/coremark.elf,27ad56a7f4ac1b6588c9be6fcba44e5ac21910bd98f157184dafd93a77038203,OK,0x000001aa,0x000001fa,183205,195478,6891,5382,666,45795,18580,27215,43879,10645,5.115665189944648,232.53023590657494,
tests/coremark/build_resume_matrix_phase_search_20260826/caller_swap34_pad_784/coremark.elf,5130a3e4df67b911e64f37aaa0a909ad3a8d5d410e8eecf91b0cd1b566022172,OK,0x000001aa,0x000001fa,183205,195478,6891,5382,666,45795,18580,27215,43879,10645,5.115665189944648,232.53023590657494,
tests/coremark/build_resume_matrix_phase_search_20260826/caller_swap34_pad_816/coremark.elf,16ea14ec1ee6f798fdb5ed7c04964788bb47035b5a4790f6f1fe892ada1af204,OK,0x000001aa,0x000001fa,183205,195478,6891,5382,666,45795,18580,27215,43879,10645,5.115665189944648,232.53023590657494,
tests/coremark/build_resume_matrix_phase_search_20260826/caller_swap34_pad_848/coremark.elf,e63288651fe4929f6c1f1733ef7ca084ae6d3fbd75b497cb472e00dbda6a1e9e,OK,0x000001aa,0x000001fa,183205,195478,6891,5382,666,45795,18580,27215,43879,10645,5.115665189944648,232.53023590657494,
tests/coremark/build_resume_matrix_phase_search_20260826/caller_swap34_pad_880/coremark.elf,9f5a38d4dfb5dee2a5738a9d7968557229787268df3e2265f3cd5b52a7349c5e,OK,0x000001aa,0x000001fa,183205,195433,6846,5382,666,45795,18580,27215,43879,10645,5.116843112473329,232.58377783969678,
tests/coremark/build_resume_matrix_phase_search_20260826/caller_swap34_pad_912/coremark.elf,5e6e01ff27ce2eef2d95d42bfe24af1cb7dadad47ac9123d6a7ed93b8a4d7601,OK,0x000001aa,0x000001fa,183205,195360,6773,5382,666,45795,18580,27215,43879,10645,5.118755118755119,232.67068721614177,
tests/coremark/build_resume_matrix_phase_search_20260826/caller_swap34_pad_944/coremark.elf,4de1501c000903b54271d3e62fa9bf57598c28226075454e3053f05afd7eeafe,OK,0x000001aa,0x000001fa,183205,195332,6745,5382,666,45795,18580,27215,43879,10645,5.119488870231196,232.70403955596348,
tests/coremark/build_resume_matrix_phase_search_20260826/caller_swap34_pad_976/coremark.elf,de7551766c486301322b31b48b3dafeb5e33a4badfb48cc6fbce421ed56d57c7,OK,0x000001aa,0x000001fa,183205,195333,6746,5382,666,45795,18580,27215,43879,10645,5.119462661199081,232.70284823632187,
tests/coremark/build_resume_matrix_phase_search_20260826/caller_swap34_swap_0_1_pad_016/coremark.elf,ea587ae6879fe4f44ca88ff1ededb8354693a91dc939f219fe49129efe91033d,OK,0x000001a6,0x000001f2,183205,195083,6496,5382,666,45795,18580,27215,43879,10645,5.126023282397749,233.00105829080678,
tests/coremark/build_resume_matrix_phase_search_20260826/caller_swap34_swap_1_2_pad_016/coremark.elf,6d2c06950301bcac181116cc11966bf7dd4489264b114d77ffaecbf2a976d843,OK,0x000001a6,0x000001f2,183205,196323,7736,5382,666,45795,18580,27215,43879,10645,5.093646694477978,231.52939520354445,
tests/coremark/build_resume_matrix_phase_search_20260826/caller_swap34_swap_2_3_pad_016/coremark.elf,516dba2c46c2d53b59363670c58770b0d9da02fd46114d7553118a285b7355db,OK,0x000001a6,0x000001f2,183205,195365,6778,5382,666,45795,18580,27215,43879,10645,5.118624113838201,232.66473244719094,
tests/coremark/build_resume_matrix_phase_search_20260826/caller_swap34_swap_3_4_pad_016/coremark.elf,114625796516ef210215c6b2dfb264c8f9db5bef1b7bd447aecfd449a8fcf202,OK,0x000001a6,0x000001f2,183205,195215,6628,5382,666,45795,18580,27215,43879,10645,5.122557180544528,232.84350820656948,
tests/coremark/build_resume_matrix_phase_search_20260826/caller_swap34_swap_4_5_pad_016/coremark.elf,f9c2aabfa0727096d1bf3ed8fa9a5b448f6b2ce6678d13f91821343171e3f632,OK,0x000001a6,0x000001f2,183205,195215,6628,5382,666,45795,18580,27215,43879,10645,5.122557180544528,232.84350820656948,
tests/coremark/build_resume_matrix_phase_search_20260826/caller_swap34_swap_5_6_pad_016/coremark.elf,f583043cad9d76f4348b43908f06a47a7181fe2cfccd3456a22829761cd9c6fd,OK,0x000001a6,0x000001f2,183205,195083,6496,5382,666,45795,18580,27215,43879,10645,5.126023282397749,233.00105829080678,
tests/coremark/build_resume_matrix_phase_search_20260826/caller_swap34_swap_6_7_pad_016/coremark.elf,e91de29b838e5a6690a1d5d398f851a9a4ccf17dea3b1496a4967fd1658f1185,OK,0x000001a6,0x000001f2,183205,196463,7876,5382,666,45795,18580,27215,43879,10645,5.090016949756443,231.36440680711104,
tests/coremark/build_resume_matrix_phase_search_20260826/caller_swap34_swap_7_8_pad_016/coremark.elf,19dfb81d33a987e80e508ce07c6a0870d0f856093e814404788986a588d09716,OK,0x000001a6,0x000001f2,183205,195363,6776,5382,666,45795,18580,27215,43879,10645,5.118676515000281,232.66711431819462,
tests/coremark/build_resume_matrix_phase_search_20260826/callers_around_hot_pad_000/coremark.elf,b00a53a33f6a952d700a48a21bf71e2d8fc00d649d1ec7a81d4d3414164c561f,OK,0x000001a6,0x000001f2,183205,195479,6892,5382,666,45795,18580,27215,43879,10645,5.11563902004819,232.52904636582682,
tests/coremark/build_resume_matrix_phase_search_20260826/callers_around_hot_pad_004/coremark.elf,baefe268e338d64392364c26d02e4d94c5acc47d74b5ee53cbd5150044816993,OK,0x000001a6,0x000001f2,183205,195519,6932,5382,666,45795,18580,27215,43879,10645,5.114592443701124,232.48147471368748,
tests/coremark/build_resume_matrix_phase_search_20260826/callers_around_hot_pad_008/coremark.elf,4111920996f9523dc9eea835fb7777811413f2f911b49a4bda36b4b9935cf4cd,OK,0x000001a6,0x000001f2,183205,196795,8208,5382,666,45795,18580,27215,43879,10645,5.081429914377906,230.97408701717754,
tests/coremark/build_resume_matrix_phase_search_20260826/callers_around_hot_pad_012/coremark.elf,d6ff28b6004547ba20cebdb7e015b51aceb46cf1f7b42a49fdf1a8768c087c34,OK,0x000001a6,0x000001f2,183205,196745,8158,5382,666,45795,18580,27215,43879,10645,5.082721288978119,231.0327858626418,
tests/coremark/build_resume_matrix_phase_search_20260826/callers_around_hot_pad_016/coremark.elf,5ed6b5b67bbe8a9d0686a160e87d98443632a670de9710f73f268a2510126a3d,OK,0x000001a6,0x000001f2,183205,202362,13775,5382,666,45795,18580,27215,43879,10645,4.941639240568882,224.61996548040372,
tests/coremark/build_resume_matrix_phase_search_20260826/callers_around_hot_pad_020/coremark.elf,826c9d36a5ef468375a83e3c1787e2cc4c5f660a5ae1777d1d603ff3404186df,OK,0x000001a6,0x000001f2,183205,195713,7126,5382,666,45795,18580,27215,43879,10645,5.109522617301866,232.25102805917572,
tests/coremark/build_resume_matrix_phase_search_20260826/callers_around_hot_pad_024/coremark.elf,5746d7da00c833580b41ac416baa961362252db1f24eabd41d79ca023f282bab,OK,0x000001a6,0x000001f2,183205,195648,7061,5382,666,45795,18580,27215,43879,10645,5.111220150474321,232.3281886579237,
tests/coremark/build_resume_matrix_phase_search_20260826/callers_around_hot_pad_028/coremark.elf,c96eeb98514d62eb31e5db96bcc16357cdfb16c3f586512bebd5fd25d3f96b5c,OK,0x000001a6,0x000001f2,183205,195607,7020,5382,666,45795,18580,27215,43879,10645,5.112291482411161,232.3768855641437,
tests/coremark/build_resume_matrix_phase_search_20260826/callers_around_hot_pad_032/coremark.elf,99c9e83f8049bb0e4d7b0ee4b5753ebab638115d0bef98fc23c2c62d0ca87399,OK,0x000001a6,0x000001f2,183205,195507,6920,5382,666,45795,18580,27215,43879,10645,5.114906371638867,232.49574416540304,
tests/coremark/build_resume_matrix_phase_search_20260826/execution_pad_000/coremark.elf,c0517de0bfabe073f1827f907c85a66c0bdc79e6d5a81983d00b70036198dc46,OK,0x000001a6,0x000001f2,183205,195476,6889,5382,666,45795,18580,27215,43879,10645,5.115717530540834,232.53261502458335,
tests/coremark/build_resume_matrix_phase_search_20260826/execution_pad_004/coremark.elf,46cb297c5409eb79358be4806ad400696c4ba5fa8a8e9a441f35b34a44aee38d,OK,0x000001a6,0x000001f2,183205,196866,8279,5382,666,45795,18580,27215,43879,10645,5.079597289526887,230.89078588758576,
tests/coremark/build_resume_matrix_phase_search_20260826/execution_pad_008/coremark.elf,d072f9a540d453d5d01fb79d580f2af880226c8e01ab77e2a84ce2adfec80eb5,OK,0x000001a6,0x000001f2,183205,196914,8327,5382,666,45795,18580,27215,43879,10645,5.078359080613872,230.83450366426692,
tests/coremark/build_resume_matrix_phase_search_20260826/execution_pad_012/coremark.elf,3dbb561c1dba84b40bf2b845a4d36767dc024625eeac3160f2d82082f363d456,OK,0x000001a6,0x000001f2,183205,202604,14017,5382,666,45795,18580,27215,43879,10645,4.935736708061045,224.35166854822933,
tests/coremark/build_resume_matrix_phase_search_20260826/execution_pad_016/coremark.elf,f8fba8a994c49c0fa4a503d7a4d3397c85f1fb730d9a3efa387863b0e32915a0,OK,0x000001a6,0x000001f2,183205,195422,6835,5382,666,45795,18580,27215,43879,10645,5.117131131602378,232.59686961828993,
tests/coremark/build_resume_matrix_phase_search_20260826/execution_pad_020/coremark.elf,096497c2172d529a41b90dcf5fabe466818dd36a05f495810a16718d688c25a3,OK,0x000001a6,0x000001f2,183205,195646,7059,5382,666,45795,18580,27215,43879,10645,5.111272400151294,232.33056364324065,
tests/coremark/build_resume_matrix_phase_search_20260826/execution_pad_024/coremark.elf,aaee80f18823d07610caf9ec3c8a209636a29b8733e3873423c5415bdc977c30,OK,0x000001a6,0x000001f2,183205,195593,7006,5382,666,45795,18580,27215,43879,10645,5.112657405939886,232.393518451813,
tests/coremark/build_resume_matrix_phase_search_20260826/execution_pad_028/coremark.elf,304b4f0549f2faf9deb0a29a0f45a9b2d00cf4b7e4f71f6a698429119671a0b7,OK,0x000001a6,0x000001f2,183205,195463,6876,5382,666,45795,18580,27215,43879,10645,5.116057770524344,232.5480804783793,
tests/coremark/build_resume_matrix_phase_search_20260826/execution_pad_032/coremark.elf,47f94552035a0a0fb71f489e0e9526b5b650fe472553c406245f157706b799d7,OK,0x000001a6,0x000001f2,183205,195413,6826,5382,666,45795,18580,27215,43879,10645,5.1173668077354115,232.60758216979144,
tests/coremark/build_resume_matrix_phase_search_20260826/size_asc_pad_000/coremark.elf,ad235d816318cc7817fce92e6e7caa3deeb63389ae97d562b478858ea40eaeb7,OK,0x000001a6,0x000001f2,183205,195449,6862,5382,666,45795,18580,27215,43879,10645,5.116424233431739,232.56473788326088,
tests/coremark/build_resume_matrix_phase_search_20260826/size_asc_pad_004/coremark.elf,58a52594959962b75b7730856a848b5b5e4f7c9d030af6eaa97220fb444e72c1,OK,0x000001a6,0x000001f2,183205,195569,6982,5382,666,45795,18580,27215,43879,10645,5.113284825304624,232.42203751384656,
tests/coremark/build_resume_matrix_phase_search_20260826/size_asc_pad_008/coremark.elf,8f68d4200abfaa855d56e780403ca8644b11fa4b82cc05eb47c1a753224b75a7,OK,0x000001a6,0x000001f2,183205,195447,6860,5382,666,45795,18580,27215,43879,10645,5.116476589561365,232.56711770733477,
tests/coremark/build_resume_matrix_phase_search_20260826/size_asc_pad_012/coremark.elf,60b82c044631b051fdd2d65bed672e15468b49d9ba53250ec8d779aa6fcfdb5c,OK,0x000001a6,0x000001f2,183205,196667,8080,5382,666,45795,18580,27215,43879,10645,5.084737144513315,231.12441565969613,
tests/coremark/build_resume_matrix_phase_search_20260826/size_asc_pad_016/coremark.elf,b7123d2cf5d7b6d2295e817a303678454f39f8cd4b554d9f354965c8bd69525c,OK,0x000001a6,0x000001f2,183205,196625,8038,5382,666,45795,18580,27215,43879,10645,5.08582326764145,231.17378489279318,
tests/coremark/build_resume_matrix_phase_search_20260826/size_asc_pad_020/coremark.elf,2919479b913ef1fb5304cc7e4bbfd371cdc6bcd92c07f603efebab94db119825,OK,0x000001a6,0x000001f2,183205,202505,13918,5382,666,45795,18580,27215,43879,10645,4.938149675316659,224.46134887802995,
tests/coremark/build_resume_matrix_phase_search_20260826/size_asc_pad_024/coremark.elf,95cb941f8aad2157bfd841b6552e00cb9c7ee4c85f2b01cb482dd8d4f934dc7c,OK,0x000001a6,0x000001f2,183205,195600,7013,5382,666,45795,18580,27215,43879,10645,5.112474437627812,232.3852017103551,
tests/coremark/build_resume_matrix_phase_search_20260826/size_asc_pad_028/coremark.elf,2e4727b1ebaeee9e5dbbee076830cdfcc46872a32ec2c213c4980f7521f6f129,OK,0x000001a6,0x000001f2,183205,195589,7002,5382,666,45795,18580,27215,43879,10645,5.112761965141189,232.39827114278134,
tests/coremark/build_resume_matrix_phase_search_20260826/size_asc_pad_032/coremark.elf,b50be4636fe902b5f33ad3ead9c2a78b7b7e3960df80c2881a937a8279905d8d,OK,0x000001a6,0x000001f2,183205,195449,6862,5382,666,45795,18580,27215,43879,10645,5.116424233431739,232.56473788326088,
tests/coremark/build_resume_matrix_search_20260826/caller_first/coremark.elf,f72c374d8db4bbb92243be26b0cfb0247083f9ccbdc433f7571aa9cef2d6e5f8,OK,0x000001a6,0x000001f2,183205,195452,6865,5382,666,45795,18580,27215,43879,10645,5.116345701246342,232.5611682384701,
tests/coremark/build_resume_matrix_search_20260826/callers_around_hot/coremark.elf,b00a53a33f6a952d700a48a21bf71e2d8fc00d649d1ec7a81d4d3414164c561f,OK,0x000001a6,0x000001f2,183205,195479,6892,5382,666,45795,18580,27215,43879,10645,5.11563902004819,232.52904636582682,
tests/coremark/build_resume_matrix_search_20260826/execution/coremark.elf,c0517de0bfabe073f1827f907c85a66c0bdc79e6d5a81983d00b70036198dc46,OK,0x000001a6,0x000001f2,183205,195476,6889,5382,666,45795,18580,27215,43879,10645,5.115717530540834,232.53261502458335,
tests/coremark/build_resume_matrix_search_20260826/hot_first/coremark.elf,f1e393243ee12cc225509b594f2f14d4f07906d6e563023717d0a4dd988889cd,OK,0x000001a6,0x000001f2,183205,202936,14349,5382,666,45795,18580,27215,43879,10645,4.927661922970789,223.98463286230862,
tests/coremark/build_resume_matrix_search_20260826/hot_interleave/coremark.elf,b17c72c450b929d38548286bdb9660cf70b4fadfff525d8cde9d0e2a846a1939,OK,0x000001a6,0x000001f2,183205,196748,8161,5382,666,45795,18580,27215,43879,10645,5.082643787992763,231.02926309058014,
tests/coremark/build_resume_matrix_search_20260826/original/coremark.elf,3fc7195c1013fed1ae6f481fecce36689a2743cd708bcc48e082c5aad444d69f,OK,0x000001a6,0x000001f2,183205,195730,7143,5382,666,45795,18580,27215,43879,10645,5.109078833086395,232.2308560493816,
tests/coremark/build_resume_matrix_search_20260826/reverse/coremark.elf,134f6fe7bc6f15718990e601fe4d8eb20c61f677c6505b7de673399b5b68d79f,OK,0x000001a6,0x000001f2,183205,195592,7005,5382,666,45795,18580,27215,43879,10645,5.112683545339277,232.3947066063308,
tests/coremark/build_resume_matrix_search_20260826/size_asc/coremark.elf,ad235d816318cc7817fce92e6e7caa3deeb63389ae97d562b478858ea40eaeb7,OK,0x000001a6,0x000001f2,183205,195449,6862,5382,666,45795,18580,27215,43879,10645,5.116424233431739,232.56473788326088,
tests/coremark/build_resume_matrix_search_20260826/size_desc/coremark.elf,9faaeee94d9fccda032e9463bbcaef8be82176261852a2272af3baac922f5cd8,OK,0x000001a6,0x000001f2,183205,202566,13979,5382,666,45795,18580,27215,43879,10645,4.93666261860332,224.39375539106,
tests/coremark/build_resume_matrix_search_20260826/sum_first/coremark.elf,0728708156996e8508ac3e9e51a049c7f8582d2a5eab2c6ec705e488a8bcf372,OK,0x000001a6,0x000001f2,183205,195572,6985,5382,666,45795,18580,27215,43879,10645,5.113206389462705,232.41847224830477,
tests/coremark/build_resume_selective_lto_20260826/coremark-pad-16.elf,85789d7f015e9692b856a1df25946ccbe1032c4f203aeb023f18f041a6e33585,OK,0x000001a6,0x000001f2,183205,195537,6950,5382,666,45795,18580,27215,43879,10645,5.114121624040463,232.46007382002105,
tests/coremark/build_resume_selective_lto_20260826/coremark.elf,d88ee4fc30e9382c0437d116a75ae27fc4358b82b66b7c97b0d51c6c36ff7125,OK,0x000001a6,0x000001f2,183205,195699,7112,5382,666,45795,18580,27215,43879,10645,5.109888144548516,232.26764293402346,
tests/coremark/build_resume_state_gc_20260826/coremark-pad-16.elf,b5431e1873c419400abda1be69d1548f23f80fee4cac841ca9725ad5d67d86ca,OK,0x000001a6,0x000001f2,183205,195537,6950,5382,666,45795,18580,27215,43879,10645,5.114121624040463,232.46007382002105,
tests/coremark/build_resume_state_gc_20260826/coremark.elf,a56a982a07773cb8e33779ba4a68b6d629df4b39bd073f1df4e06ada9576edaf,OK,0x000001a6,0x000001f2,183205,195690,7103,5382,666,45795,18580,27215,43879,10645,5.1101231539680105,232.27832518036413,
tests/coremark/build_verify_2/coremark.elf,77baa9a36f4ce11a7225bbbd3f447b2a0ad5f3a309c2493b7c330fcbda953b28,OK,0x00000132,0x0000013a,184339,197051,7324,5388,666,45798,18526,27272,44183,10786,5.074828343931267,230.6740156332394,
tests/coremark/build_verify_screen/coremark.elf,b39a281daa94a30b2f2bcca2d00b2239bce65f7a78cd35ec3c68d856c6d86860,OK,0x000001aa,0x000001fa,184241,196736,7107,5388,666,45798,18526,27272,44163,10766,5.08295380611581,231.04335482344595,
tests/coremark/build_ws01_baseline/coremark.elf,77baa9a36f4ce11a7225bbbd3f447b2a0ad5f3a309c2493b7c330fcbda953b28,OK,0x00000132,0x0000013a,184339,197051,7324,5388,666,45798,18526,27272,44183,10786,5.074828343931267,230.6740156332394,
tests/coremark/build_ws01_verify_20260813/coremark.elf,77baa9a36f4ce11a7225bbbd3f447b2a0ad5f3a309c2493b7c330fcbda953b28,OK,0x00000132,0x0000013a,184339,197051,7324,5388,666,45798,18526,27272,44183,10786,5.074828343931267,230.6740156332394,
